;nombre;edad;peso;altura;evaluacion_fisica;evaluacion_psicologica;evaluacion_adaptativa;evaluacion_medica;anos_experiencia;califica;IMC;promedio_evaluaciones
0;Alana Morillo;32;75;1.8;93;88;78;89;6;Si;23.148148148148145;87.0
1;Valentina Tasis;30;65;1.75;90;91;85;92;2;Si;21.224489795918366;89.5
2;Regina Cicerón;31;76;1.83;89;87;83;90;7;Si;22.694018931589476;87.25
3;María Juderías;28;78;1.82;88;85;87;92;5;Si;23.54788069073783;88.0
4;Consuela Arboleda;33;77;1.88;94;83;89;93;8;Si;21.785875961973744;89.75
5;Patricio Encarnación;30;81;1.9;93;86;88;91;4;Si;22.437673130193907;89.5
6;Cristóbal Miralles;31;72;1.74;88;91;86;92;6;Si;23.781212841854934;89.25
7;Nicolás Cambeiro;29;68;1.75;88;90;81;90;2;Si;22.20408163265306;87.25
8;Samuel Gálvez;22;74;1.83;91;91;91;86;3;Si;22.096807907073963;89.75
9;Christopher Berganza;23;70;1.73;92;93;92;85;1;Si;23.38868655818771;90.5
10;Alexia Gaos;21;69;1.69;93;94;93;86;0;Si;24.158817968558527;91.5
11;Fátima Varela;33;73;1.82;91;90;91;88;5;Si;22.03840115928028;90.0
